{
  "addons": {
    "f7linker@fnal.gov": {
      "updates": [
        {
          "version": "1.0",
          "update_link": "https://www-bd.fnal.gov/ops/beau/f7Links/web-ext-artifacts/f7_help_links-1.0-an+fx.xpi"
        },
        {
          "version": "1.1",
          "update_link": "https://www-bd.fnal.gov/ops/beau/f7Links/web-ext-artifacts/f7_help_links-1.1-an+fx.xpi"
        },
        {
          "version": "1.1.1",
          "update_link": "https://www-bd.fnal.gov/ops/beau/f7Links/web-ext-artifacts/f7_help_links-1.1.1-an+fx.xpi"
        },
        {
          "version": "1.1.2",
          "update_link": "https://www-bd.fnal.gov/ops/beau/f7Links/web-ext-artifacts/f7_help_links-1.1.2-an+fx.xpi"
        },
        {
          "version": "1.2.0",
          "update_link": "https://www-bd.fnal.gov/ops/beau/f7Links/web-ext-artifacts/f7_help_links-1.2.0-an+fx.xpi"
        },
        {
          "version": "1.2.2",
          "update_link": "https://www-bd.fnal.gov/ops/beau/f7Links/web-ext-artifacts/f7_help_links-1.2.2-an+fx.xpi"
        },
        {
          "version": "1.3.0",
          "update_link": "https://www-bd.fnal.gov/ops/beau/f7Links/web-ext-artifacts/f7_help_links-1.3.0-an+fx.xpi",
          "update_info_url": "https://www-bd.fnal.gov/ops/beau/f7Links/updates/1.3.0.html"
        },
        {
          "version": "1.3.1",
          "update_link": "https://www-bd.fnal.gov/ops/beau/f7Links/web-ext-artifacts/f7_help_links-1.3.1-an+fx.xpi",
          "update_info_url": "https://www-bd.fnal.gov/ops/beau/f7Links/updates/1.3.1.html"
        },
        {
          "version": "1.3.2",
          "update_link": "https://www-bd.fnal.gov/ops/beau/f7Links/web-ext-artifacts/f7_help_links-1.3.2-an+fx.xpi",
          "update_info_url": "https://www-bd.fnal.gov/ops/beau/f7Links/updates/1.3.2.html"
        },
        {
          "version": "1.3.3",
          "update_link": "https://www-bd.fnal.gov/ops/beau/f7Links/web-ext-artifacts/f7_help_links-1.3.3-an+fx.xpi",
          "update_info_url": "https://www-bd.fnal.gov/ops/beau/f7Links/updates/1.3.3.html"
        }
      ]
    }
  }
}
